filename,label
ori_0_IMAGENET_3599_resnet50.png,487
ori_1_IMAGENET_3599_resnet50.png,646
ori_2_IMAGENET_3599_resnet50.png,851
ori_3_IMAGENET_3599_resnet50.png,771
ori_4_IMAGENET_3599_resnet50.png,590
ori_5_IMAGENET_3599_resnet50.png,763
ori_6_IMAGENET_3599_resnet50.png,646
ori_7_IMAGENET_3599_resnet50.png,666
ori_8_IMAGENET_3599_resnet50.png,867
ori_9_IMAGENET_3599_resnet50.png,771
ori_10_IMAGENET_3599_resnet50.png,819
ori_11_IMAGENET_3599_resnet50.png,862
ori_12_IMAGENET_3599_resnet50.png,487
ori_13_IMAGENET_3599_resnet50.png,507
ori_14_IMAGENET_3599_resnet50.png,413
ori_15_IMAGENET_3599_resnet50.png,821
ori_16_IMAGENET_3599_resnet50.png,761
ori_17_IMAGENET_3599_resnet50.png,403
ori_18_IMAGENET_3599_resnet50.png,826
ori_19_IMAGENET_3599_resnet50.png,718
ori_20_IMAGENET_3599_resnet50.png,465
ori_21_IMAGENET_3599_resnet50.png,744
ori_22_IMAGENET_3599_resnet50.png,471
ori_23_IMAGENET_3599_resnet50.png,510
ori_24_IMAGENET_3599_resnet50.png,734
ori_25_IMAGENET_3599_resnet50.png,414
ori_26_IMAGENET_3599_resnet50.png,657
ori_27_IMAGENET_3599_resnet50.png,889
ori_28_IMAGENET_3599_resnet50.png,758
ori_29_IMAGENET_3599_resnet50.png,888
ori_30_IMAGENET_3599_resnet50.png,540
ori_31_IMAGENET_3599_resnet50.png,801
ori_32_IMAGENET_3599_resnet50.png,744
ori_33_IMAGENET_3599_resnet50.png,926
ori_34_IMAGENET_3599_resnet50.png,830
ori_35_IMAGENET_3599_resnet50.png,820
ori_36_IMAGENET_3599_resnet50.png,485
ori_37_IMAGENET_3599_resnet50.png,812
ori_38_IMAGENET_3599_resnet50.png,600
ori_39_IMAGENET_3599_resnet50.png,845
ori_40_IMAGENET_3599_resnet50.png,833
ori_41_IMAGENET_3599_resnet50.png,471
ori_42_IMAGENET_3599_resnet50.png,657
ori_43_IMAGENET_3599_resnet50.png,833
ori_44_IMAGENET_3599_resnet50.png,404
ori_45_IMAGENET_3599_resnet50.png,600
ori_46_IMAGENET_3599_resnet50.png,803
ori_47_IMAGENET_3599_resnet50.png,536
ori_48_IMAGENET_3599_resnet50.png,473
ori_49_IMAGENET_3599_resnet50.png,657
ori_50_IMAGENET_3599_resnet50.png,886
ori_51_IMAGENET_3599_resnet50.png,521
ori_52_IMAGENET_3599_resnet50.png,461
ori_53_IMAGENET_3599_resnet50.png,732
ori_54_IMAGENET_3599_resnet50.png,867
ori_55_IMAGENET_3599_resnet50.png,413
ori_56_IMAGENET_3599_resnet50.png,524
ori_57_IMAGENET_3599_resnet50.png,590
ori_58_IMAGENET_3599_resnet50.png,581
ori_59_IMAGENET_3599_resnet50.png,628
ori_60_IMAGENET_3599_resnet50.png,902
ori_61_IMAGENET_3599_resnet50.png,764
ori_62_IMAGENET_3599_resnet50.png,447
ori_63_IMAGENET_3599_resnet50.png,888
ori_64_IMAGENET_3599_resnet50.png,780
ori_65_IMAGENET_3599_resnet50.png,847
ori_66_IMAGENET_3599_resnet50.png,633
ori_67_IMAGENET_3599_resnet50.png,862
ori_68_IMAGENET_3599_resnet50.png,688
ori_69_IMAGENET_3599_resnet50.png,615
ori_70_IMAGENET_3599_resnet50.png,489
ori_71_IMAGENET_3599_resnet50.png,628
ori_72_IMAGENET_3599_resnet50.png,587
ori_73_IMAGENET_3599_resnet50.png,724
ori_74_IMAGENET_3599_resnet50.png,734
ori_75_IMAGENET_3599_resnet50.png,764
ori_76_IMAGENET_3599_resnet50.png,771
ori_77_IMAGENET_3599_resnet50.png,787
ori_78_IMAGENET_3599_resnet50.png,724
ori_79_IMAGENET_3599_resnet50.png,830
ori_80_IMAGENET_3599_resnet50.png,830
ori_81_IMAGENET_3599_resnet50.png,646
ori_82_IMAGENET_3599_resnet50.png,635
ori_83_IMAGENET_3599_resnet50.png,830
ori_84_IMAGENET_3599_resnet50.png,732
ori_85_IMAGENET_3599_resnet50.png,523
ori_86_IMAGENET_3599_resnet50.png,764
ori_87_IMAGENET_3599_resnet50.png,732
ori_88_IMAGENET_3599_resnet50.png,820
ori_89_IMAGENET_3599_resnet50.png,510
ori_90_IMAGENET_3599_resnet50.png,485
ori_91_IMAGENET_3599_resnet50.png,404
ori_92_IMAGENET_3599_resnet50.png,797
ori_93_IMAGENET_3599_resnet50.png,471
ori_94_IMAGENET_3599_resnet50.png,563
ori_95_IMAGENET_3599_resnet50.png,598
ori_96_IMAGENET_3599_resnet50.png,701
ori_97_IMAGENET_3599_resnet50.png,487
ori_98_IMAGENET_3599_resnet50.png,404
ori_99_IMAGENET_3599_resnet50.png,744
ori_100_IMAGENET_3599_resnet50.png,471
ori_101_IMAGENET_3599_resnet50.png,821
ori_102_IMAGENET_3599_resnet50.png,888
ori_103_IMAGENET_3599_resnet50.png,763
ori_104_IMAGENET_3599_resnet50.png,891
ori_105_IMAGENET_3599_resnet50.png,403
ori_106_IMAGENET_3599_resnet50.png,884
ori_107_IMAGENET_3599_resnet50.png,862
ori_108_IMAGENET_3599_resnet50.png,405
ori_109_IMAGENET_3599_resnet50.png,724
ori_110_IMAGENET_3599_resnet50.png,518
ori_111_IMAGENET_3599_resnet50.png,862
ori_112_IMAGENET_3599_resnet50.png,536
ori_113_IMAGENET_3599_resnet50.png,740
ori_114_IMAGENET_3599_resnet50.png,417
ori_115_IMAGENET_3599_resnet50.png,673
ori_116_IMAGENET_3599_resnet50.png,763
ori_117_IMAGENET_3599_resnet50.png,812
ori_118_IMAGENET_3599_resnet50.png,867
ori_119_IMAGENET_3599_resnet50.png,771
ori_120_IMAGENET_3599_resnet50.png,761
ori_121_IMAGENET_3599_resnet50.png,471
ori_122_IMAGENET_3599_resnet50.png,754
ori_123_IMAGENET_3599_resnet50.png,590
ori_124_IMAGENET_3599_resnet50.png,404
ori_125_IMAGENET_3599_resnet50.png,732
ori_126_IMAGENET_3599_resnet50.png,732
ori_127_IMAGENET_3599_resnet50.png,819
ori_128_IMAGENET_3599_resnet50.png,536
ori_129_IMAGENET_3599_resnet50.png,423
ori_130_IMAGENET_3599_resnet50.png,540
ori_131_IMAGENET_3599_resnet50.png,977
ori_132_IMAGENET_3599_resnet50.png,633
ori_133_IMAGENET_3599_resnet50.png,755
ori_134_IMAGENET_3599_resnet50.png,672
ori_135_IMAGENET_3599_resnet50.png,527
ori_136_IMAGENET_3599_resnet50.png,628
ori_137_IMAGENET_3599_resnet50.png,632
ori_138_IMAGENET_3599_resnet50.png,879
ori_139_IMAGENET_3599_resnet50.png,487
ori_140_IMAGENET_3599_resnet50.png,507
ori_141_IMAGENET_3599_resnet50.png,417
ori_142_IMAGENET_3599_resnet50.png,471
ori_143_IMAGENET_3599_resnet50.png,628
ori_144_IMAGENET_3599_resnet50.png,847
ori_145_IMAGENET_3599_resnet50.png,724
ori_146_IMAGENET_3599_resnet50.png,835
ori_147_IMAGENET_3599_resnet50.png,447
ori_148_IMAGENET_3599_resnet50.png,847
ori_149_IMAGENET_3599_resnet50.png,711
ori_150_IMAGENET_3599_resnet50.png,414
ori_151_IMAGENET_3599_resnet50.png,414
ori_152_IMAGENET_3599_resnet50.png,826
ori_153_IMAGENET_3599_resnet50.png,867
ori_154_IMAGENET_3599_resnet50.png,745
ori_155_IMAGENET_3599_resnet50.png,650
ori_156_IMAGENET_3599_resnet50.png,505
ori_157_IMAGENET_3599_resnet50.png,821
ori_158_IMAGENET_3599_resnet50.png,652
ori_159_IMAGENET_3599_resnet50.png,691
ori_160_IMAGENET_3599_resnet50.png,763
ori_161_IMAGENET_3599_resnet50.png,884
ori_162_IMAGENET_3599_resnet50.png,608
ori_163_IMAGENET_3599_resnet50.png,801
ori_164_IMAGENET_3599_resnet50.png,498
ori_165_IMAGENET_3599_resnet50.png,761
ori_166_IMAGENET_3599_resnet50.png,409
ori_167_IMAGENET_3599_resnet50.png,745
ori_168_IMAGENET_3599_resnet50.png,67
ori_169_IMAGENET_3599_resnet50.png,763
ori_170_IMAGENET_3599_resnet50.png,740
ori_171_IMAGENET_3599_resnet50.png,535
ori_172_IMAGENET_3599_resnet50.png,755
ori_173_IMAGENET_3599_resnet50.png,701
ori_174_IMAGENET_3599_resnet50.png,847
ori_175_IMAGENET_3599_resnet50.png,405
ori_176_IMAGENET_3599_resnet50.png,672
ori_177_IMAGENET_3599_resnet50.png,587
ori_178_IMAGENET_3599_resnet50.png,596
ori_179_IMAGENET_3599_resnet50.png,536
ori_180_IMAGENET_3599_resnet50.png,820
ori_181_IMAGENET_3599_resnet50.png,763
ori_182_IMAGENET_3599_resnet50.png,590
ori_183_IMAGENET_3599_resnet50.png,489
ori_184_IMAGENET_3599_resnet50.png,754
ori_185_IMAGENET_3599_resnet50.png,847
ori_186_IMAGENET_3599_resnet50.png,628
ori_187_IMAGENET_3599_resnet50.png,701
ori_188_IMAGENET_3599_resnet50.png,540
ori_189_IMAGENET_3599_resnet50.png,820
ori_190_IMAGENET_3599_resnet50.png,632
ori_191_IMAGENET_3599_resnet50.png,695
ori_192_IMAGENET_3599_resnet50.png,764
ori_193_IMAGENET_3599_resnet50.png,830
ori_194_IMAGENET_3599_resnet50.png,732
ori_195_IMAGENET_3599_resnet50.png,510
ori_196_IMAGENET_3599_resnet50.png,754
ori_197_IMAGENET_3599_resnet50.png,482
ori_198_IMAGENET_3599_resnet50.png,417
ori_199_IMAGENET_3599_resnet50.png,465
ori_200_IMAGENET_3599_resnet50.png,830
ori_201_IMAGENET_3599_resnet50.png,597
ori_202_IMAGENET_3599_resnet50.png,763
ori_203_IMAGENET_3599_resnet50.png,405
ori_204_IMAGENET_3599_resnet50.png,635
ori_205_IMAGENET_3599_resnet50.png,540
ori_206_IMAGENET_3599_resnet50.png,691
ori_207_IMAGENET_3599_resnet50.png,695
ori_208_IMAGENET_3599_resnet50.png,761
ori_209_IMAGENET_3599_resnet50.png,801
ori_210_IMAGENET_3599_resnet50.png,891
ori_211_IMAGENET_3599_resnet50.png,650
ori_212_IMAGENET_3599_resnet50.png,755
ori_213_IMAGENET_3599_resnet50.png,744
ori_214_IMAGENET_3599_resnet50.png,628
ori_215_IMAGENET_3599_resnet50.png,536
ori_216_IMAGENET_3599_resnet50.png,535
ori_217_IMAGENET_3599_resnet50.png,510
ori_218_IMAGENET_3599_resnet50.png,812
ori_219_IMAGENET_3599_resnet50.png,821
ori_220_IMAGENET_3599_resnet50.png,536
ori_221_IMAGENET_3599_resnet50.png,734
ori_222_IMAGENET_3599_resnet50.png,763
ori_223_IMAGENET_3599_resnet50.png,535
ori_224_IMAGENET_3599_resnet50.png,820
ori_225_IMAGENET_3599_resnet50.png,787
ori_226_IMAGENET_3599_resnet50.png,488
ori_227_IMAGENET_3599_resnet50.png,590
ori_228_IMAGENET_3599_resnet50.png,652
ori_229_IMAGENET_3599_resnet50.png,628
ori_230_IMAGENET_3599_resnet50.png,761
ori_231_IMAGENET_3599_resnet50.png,471
ori_232_IMAGENET_3599_resnet50.png,707
ori_233_IMAGENET_3599_resnet50.png,490
ori_234_IMAGENET_3599_resnet50.png,724
ori_235_IMAGENET_3599_resnet50.png,724
ori_236_IMAGENET_3599_resnet50.png,633
ori_237_IMAGENET_3599_resnet50.png,895
ori_238_IMAGENET_3599_resnet50.png,596
ori_239_IMAGENET_3599_resnet50.png,862
ori_240_IMAGENET_3599_resnet50.png,718
ori_241_IMAGENET_3599_resnet50.png,862
ori_242_IMAGENET_3599_resnet50.png,587
ori_243_IMAGENET_3599_resnet50.png,626
ori_244_IMAGENET_3599_resnet50.png,646
ori_245_IMAGENET_3599_resnet50.png,755
ori_246_IMAGENET_3599_resnet50.png,763
ori_247_IMAGENET_3599_resnet50.png,650
ori_248_IMAGENET_3599_resnet50.png,487
ori_249_IMAGENET_3599_resnet50.png,447
ori_250_IMAGENET_3599_resnet50.png,830
ori_251_IMAGENET_3599_resnet50.png,754
ori_252_IMAGENET_3599_resnet50.png,581
ori_253_IMAGENET_3599_resnet50.png,888
ori_254_IMAGENET_3599_resnet50.png,834
ori_255_IMAGENET_3599_resnet50.png,820
ori_256_IMAGENET_3599_resnet50.png,821
ori_257_IMAGENET_3599_resnet50.png,536
ori_258_IMAGENET_3599_resnet50.png,744
ori_259_IMAGENET_3599_resnet50.png,820
ori_260_IMAGENET_3599_resnet50.png,650
ori_261_IMAGENET_3599_resnet50.png,880
ori_262_IMAGENET_3599_resnet50.png,983
ori_263_IMAGENET_3599_resnet50.png,417
ori_264_IMAGENET_3599_resnet50.png,666
ori_265_IMAGENET_3599_resnet50.png,530
ori_266_IMAGENET_3599_resnet50.png,745
ori_267_IMAGENET_3599_resnet50.png,628
ori_268_IMAGENET_3599_resnet50.png,405
ori_269_IMAGENET_3599_resnet50.png,403
ori_270_IMAGENET_3599_resnet50.png,823
ori_271_IMAGENET_3599_resnet50.png,413
ori_272_IMAGENET_3599_resnet50.png,405
ori_273_IMAGENET_3599_resnet50.png,801
ori_274_IMAGENET_3599_resnet50.png,872
ori_275_IMAGENET_3599_resnet50.png,530
ori_276_IMAGENET_3599_resnet50.png,518
ori_277_IMAGENET_3599_resnet50.png,764
ori_278_IMAGENET_3599_resnet50.png,465
ori_279_IMAGENET_3599_resnet50.png,535
ori_280_IMAGENET_3599_resnet50.png,672
ori_281_IMAGENET_3599_resnet50.png,755
ori_282_IMAGENET_3599_resnet50.png,771
ori_283_IMAGENET_3599_resnet50.png,657
ori_284_IMAGENET_3599_resnet50.png,417
ori_285_IMAGENET_3599_resnet50.png,609
ori_286_IMAGENET_3599_resnet50.png,404
ori_287_IMAGENET_3599_resnet50.png,538
ori_288_IMAGENET_3599_resnet50.png,734
ori_289_IMAGENET_3599_resnet50.png,635
ori_290_IMAGENET_3599_resnet50.png,826
ori_291_IMAGENET_3599_resnet50.png,755
ori_292_IMAGENET_3599_resnet50.png,732
ori_293_IMAGENET_3599_resnet50.png,543
ori_294_IMAGENET_3599_resnet50.png,867
ori_295_IMAGENET_3599_resnet50.png,408
ori_296_IMAGENET_3599_resnet50.png,633
ori_297_IMAGENET_3599_resnet50.png,797
ori_298_IMAGENET_3599_resnet50.png,596
ori_299_IMAGENET_3599_resnet50.png,526
ori_300_IMAGENET_3599_resnet50.png,403
ori_301_IMAGENET_3599_resnet50.png,763
ori_302_IMAGENET_3599_resnet50.png,487
ori_303_IMAGENET_3599_resnet50.png,734
ori_304_IMAGENET_3599_resnet50.png,461
ori_305_IMAGENET_3599_resnet50.png,408
ori_306_IMAGENET_3599_resnet50.png,916
ori_307_IMAGENET_3599_resnet50.png,518
ori_308_IMAGENET_3599_resnet50.png,833
ori_309_IMAGENET_3599_resnet50.png,408
ori_310_IMAGENET_3599_resnet50.png,734
ori_311_IMAGENET_3599_resnet50.png,890
ori_312_IMAGENET_3599_resnet50.png,787
ori_313_IMAGENET_3599_resnet50.png,468
ori_314_IMAGENET_3599_resnet50.png,926
ori_315_IMAGENET_3599_resnet50.png,586
ori_316_IMAGENET_3599_resnet50.png,847
ori_317_IMAGENET_3599_resnet50.png,646
ori_318_IMAGENET_3599_resnet50.png,826
ori_319_IMAGENET_3599_resnet50.png,740
ori_320_IMAGENET_3599_resnet50.png,758
ori_321_IMAGENET_3599_resnet50.png,609
ori_322_IMAGENET_3599_resnet50.png,471
ori_323_IMAGENET_3599_resnet50.png,797
ori_324_IMAGENET_3599_resnet50.png,688
ori_325_IMAGENET_3599_resnet50.png,635
ori_326_IMAGENET_3599_resnet50.png,704
ori_327_IMAGENET_3599_resnet50.png,613
ori_328_IMAGENET_3599_resnet50.png,833
ori_329_IMAGENET_3599_resnet50.png,833
ori_330_IMAGENET_3599_resnet50.png,535
ori_331_IMAGENET_3599_resnet50.png,521
ori_332_IMAGENET_3599_resnet50.png,787
ori_333_IMAGENET_3599_resnet50.png,657
ori_334_IMAGENET_3599_resnet50.png,608
ori_335_IMAGENET_3599_resnet50.png,652
ori_336_IMAGENET_3599_resnet50.png,581
ori_337_IMAGENET_3599_resnet50.png,701
ori_338_IMAGENET_3599_resnet50.png,664
ori_339_IMAGENET_3599_resnet50.png,447
ori_340_IMAGENET_3599_resnet50.png,417
ori_341_IMAGENET_3599_resnet50.png,695
ori_342_IMAGENET_3599_resnet50.png,460
ori_343_IMAGENET_3599_resnet50.png,695
ori_344_IMAGENET_3599_resnet50.png,596
ori_345_IMAGENET_3599_resnet50.png,835
ori_346_IMAGENET_3599_resnet50.png,758
ori_347_IMAGENET_3599_resnet50.png,895
ori_348_IMAGENET_3599_resnet50.png,688
ori_349_IMAGENET_3599_resnet50.png,581
ori_350_IMAGENET_3599_resnet50.png,734
ori_351_IMAGENET_3599_resnet50.png,507
ori_352_IMAGENET_3599_resnet50.png,821
ori_353_IMAGENET_3599_resnet50.png,895
ori_354_IMAGENET_3599_resnet50.png,812
ori_355_IMAGENET_3599_resnet50.png,626
ori_356_IMAGENET_3599_resnet50.png,688
ori_357_IMAGENET_3599_resnet50.png,652
ori_358_IMAGENET_3599_resnet50.png,787
ori_359_IMAGENET_3599_resnet50.png,570
ori_360_IMAGENET_3599_resnet50.png,826
ori_361_IMAGENET_3599_resnet50.png,871
ori_362_IMAGENET_3599_resnet50.png,672
ori_363_IMAGENET_3599_resnet50.png,812
ori_364_IMAGENET_3599_resnet50.png,487
ori_365_IMAGENET_3599_resnet50.png,867
ori_366_IMAGENET_3599_resnet50.png,646
ori_367_IMAGENET_3599_resnet50.png,536
ori_368_IMAGENET_3599_resnet50.png,535
ori_369_IMAGENET_3599_resnet50.png,497
ori_370_IMAGENET_3599_resnet50.png,812
ori_371_IMAGENET_3599_resnet50.png,590
ori_372_IMAGENET_3599_resnet50.png,471
ori_373_IMAGENET_3599_resnet50.png,801
ori_374_IMAGENET_3599_resnet50.png,715
ori_375_IMAGENET_3599_resnet50.png,762
ori_376_IMAGENET_3599_resnet50.png,821
ori_377_IMAGENET_3599_resnet50.png,826
ori_378_IMAGENET_3599_resnet50.png,609
ori_379_IMAGENET_3599_resnet50.png,734
ori_380_IMAGENET_3599_resnet50.png,701
ori_381_IMAGENET_3599_resnet50.png,636
ori_382_IMAGENET_3599_resnet50.png,771
ori_383_IMAGENET_3599_resnet50.png,691
ori_384_IMAGENET_3599_resnet50.png,682
ori_385_IMAGENET_3599_resnet50.png,812
ori_386_IMAGENET_3599_resnet50.png,590
ori_387_IMAGENET_3599_resnet50.png,507
ori_388_IMAGENET_3599_resnet50.png,691
ori_389_IMAGENET_3599_resnet50.png,740
ori_390_IMAGENET_3599_resnet50.png,540
ori_391_IMAGENET_3599_resnet50.png,408
ori_392_IMAGENET_3599_resnet50.png,510
ori_393_IMAGENET_3599_resnet50.png,797
ori_394_IMAGENET_3599_resnet50.png,465
ori_395_IMAGENET_3599_resnet50.png,626
ori_396_IMAGENET_3599_resnet50.png,801
ori_397_IMAGENET_3599_resnet50.png,841
ori_398_IMAGENET_3599_resnet50.png,862
ori_399_IMAGENET_3599_resnet50.png,812
ori_400_IMAGENET_3599_resnet50.png,843
ori_401_IMAGENET_3599_resnet50.png,596
ori_402_IMAGENET_3599_resnet50.png,570
ori_403_IMAGENET_3599_resnet50.png,691
ori_404_IMAGENET_3599_resnet50.png,847
ori_405_IMAGENET_3599_resnet50.png,646
ori_406_IMAGENET_3599_resnet50.png,691
ori_407_IMAGENET_3599_resnet50.png,755
ori_408_IMAGENET_3599_resnet50.png,646
ori_409_IMAGENET_3599_resnet50.png,424
ori_410_IMAGENET_3599_resnet50.png,745
ori_411_IMAGENET_3599_resnet50.png,570
ori_412_IMAGENET_3599_resnet50.png,787
ori_413_IMAGENET_3599_resnet50.png,826
ori_414_IMAGENET_3599_resnet50.png,610
ori_415_IMAGENET_3599_resnet50.png,635
ori_416_IMAGENET_3599_resnet50.png,487
ori_417_IMAGENET_3599_resnet50.png,521
ori_418_IMAGENET_3599_resnet50.png,626
ori_419_IMAGENET_3599_resnet50.png,417
ori_420_IMAGENET_3599_resnet50.png,510
ori_421_IMAGENET_3599_resnet50.png,540
ori_422_IMAGENET_3599_resnet50.png,532
ori_423_IMAGENET_3599_resnet50.png,817
ori_424_IMAGENET_3599_resnet50.png,512
ori_425_IMAGENET_3599_resnet50.png,812
ori_426_IMAGENET_3599_resnet50.png,428
ori_427_IMAGENET_3599_resnet50.png,801
ori_428_IMAGENET_3599_resnet50.png,774
ori_429_IMAGENET_3599_resnet50.png,412
ori_430_IMAGENET_3599_resnet50.png,507
ori_431_IMAGENET_3599_resnet50.png,510
ori_432_IMAGENET_3599_resnet50.png,459
ori_433_IMAGENET_3599_resnet50.png,847
ori_434_IMAGENET_3599_resnet50.png,724
ori_435_IMAGENET_3599_resnet50.png,540
ori_436_IMAGENET_3599_resnet50.png,417
ori_437_IMAGENET_3599_resnet50.png,550
ori_438_IMAGENET_3599_resnet50.png,821
ori_439_IMAGENET_3599_resnet50.png,771
ori_440_IMAGENET_3599_resnet50.png,628
ori_441_IMAGENET_3599_resnet50.png,650
ori_442_IMAGENET_3599_resnet50.png,771
ori_443_IMAGENET_3599_resnet50.png,600
ori_444_IMAGENET_3599_resnet50.png,609
ori_445_IMAGENET_3599_resnet50.png,787
ori_446_IMAGENET_3599_resnet50.png,820
ori_447_IMAGENET_3599_resnet50.png,507
ori_448_IMAGENET_3599_resnet50.png,605
ori_449_IMAGENET_3599_resnet50.png,780
ori_450_IMAGENET_3599_resnet50.png,633
ori_451_IMAGENET_3599_resnet50.png,570
ori_452_IMAGENET_3599_resnet50.png,487
ori_453_IMAGENET_3599_resnet50.png,414
ori_454_IMAGENET_3599_resnet50.png,724
ori_455_IMAGENET_3599_resnet50.png,426
ori_456_IMAGENET_3599_resnet50.png,618
ori_457_IMAGENET_3599_resnet50.png,902
ori_458_IMAGENET_3599_resnet50.png,666
ori_459_IMAGENET_3599_resnet50.png,536
ori_460_IMAGENET_3599_resnet50.png,672
ori_461_IMAGENET_3599_resnet50.png,830
ori_462_IMAGENET_3599_resnet50.png,521
ori_463_IMAGENET_3599_resnet50.png,724
ori_464_IMAGENET_3599_resnet50.png,414
ori_465_IMAGENET_3599_resnet50.png,764
ori_466_IMAGENET_3599_resnet50.png,666
ori_467_IMAGENET_3599_resnet50.png,847
ori_468_IMAGENET_3599_resnet50.png,646
ori_469_IMAGENET_3599_resnet50.png,518
ori_470_IMAGENET_3599_resnet50.png,797
ori_471_IMAGENET_3599_resnet50.png,787
ori_472_IMAGENET_3599_resnet50.png,597
ori_473_IMAGENET_3599_resnet50.png,652
ori_474_IMAGENET_3599_resnet50.png,471
ori_475_IMAGENET_3599_resnet50.png,732
ori_476_IMAGENET_3599_resnet50.png,617
ori_477_IMAGENET_3599_resnet50.png,732
ori_478_IMAGENET_3599_resnet50.png,595
ori_479_IMAGENET_3599_resnet50.png,557
ori_480_IMAGENET_3599_resnet50.png,645
ori_481_IMAGENET_3599_resnet50.png,531
ori_482_IMAGENET_3599_resnet50.png,701
ori_483_IMAGENET_3599_resnet50.png,489
ori_484_IMAGENET_3599_resnet50.png,666
ori_485_IMAGENET_3599_resnet50.png,833
ori_486_IMAGENET_3599_resnet50.png,826
ori_487_IMAGENET_3599_resnet50.png,403
ori_488_IMAGENET_3599_resnet50.png,755
ori_489_IMAGENET_3599_resnet50.png,461
ori_490_IMAGENET_3599_resnet50.png,443
ori_491_IMAGENET_3599_resnet50.png,597
ori_492_IMAGENET_3599_resnet50.png,724
ori_493_IMAGENET_3599_resnet50.png,603
ori_494_IMAGENET_3599_resnet50.png,593
ori_495_IMAGENET_3599_resnet50.png,835
ori_496_IMAGENET_3599_resnet50.png,734
ori_497_IMAGENET_3599_resnet50.png,744
ori_498_IMAGENET_3599_resnet50.png,558
ori_499_IMAGENET_3599_resnet50.png,718
